{
    "wall_times": {
        "load_features": 0.09572693100199103,
        "load_matches": 0.0036050369999429677,
        "compute_tracks": 0.2616488669991668
    },
    "wall_time": 0.3609808350011008,
    "num_images": 14,
    "num_tracks": 5123,
    "view_graph": [
        [
            "0.jpg",
            "9.jpg",
            1
        ],
        [
            "0.jpg",
            "6.jpg",
            57
        ],
        [
            "0.jpg",
            "1.jpg",
            111
        ],
        [
            "0.jpg",
            "5.jpg",
            57
        ],
        [
            "0.jpg",
            "3.jpg",
            54
        ],
        [
            "0.jpg",
            "7.jpg",
            33
        ],
        [
            "0.jpg",
            "4.jpg",
            66
        ],
        [
            "0.jpg",
            "8.jpg",
            28
        ],
        [
            "0.jpg",
            "2.jpg",
            84
        ],
        [
            "11.jpg",
            "13.jpg",
            189
        ],
        [
            "11.jpg",
            "9.jpg",
            97
        ],
        [
            "11.jpg",
            "6.jpg",
            59
        ],
        [
            "11.jpg",
            "1.jpg",
            6
        ],
        [
            "11.jpg",
            "5.jpg",
            49
        ],
        [
            "11.jpg",
            "3.jpg",
            36
        ],
        [
            "11.jpg",
            "7.jpg",
            57
        ],
        [
            "11.jpg",
            "4.jpg",
            48
        ],
        [
            "11.jpg",
            "8.jpg",
            85
        ],
        [
            "11.jpg",
            "12.jpg",
            236
        ],
        [
            "11.jpg",
            "10.jpg",
            184
        ],
        [
            "11.jpg",
            "2.jpg",
            30
        ],
        [
            "13.jpg",
            "11.jpg",
            189
        ],
        [
            "13.jpg",
            "9.jpg",
            34
        ],
        [
            "13.jpg",
            "6.jpg",
            50
        ],
        [
            "13.jpg",
            "1.jpg",
            2
        ],
        [
            "13.jpg",
            "5.jpg",
            44
        ],
        [
            "13.jpg",
            "3.jpg",
            33
        ],
        [
            "13.jpg",
            "7.jpg",
            29
        ],
        [
            "13.jpg",
            "4.jpg",
            28
        ],
        [
            "13.jpg",
            "8.jpg",
            22
        ],
        [
            "13.jpg",
            "12.jpg",
            1026
        ],
        [
            "13.jpg",
            "10.jpg",
            88
        ],
        [
            "13.jpg",
            "2.jpg",
            11
        ],
        [
            "9.jpg",
            "0.jpg",
            1
        ],
        [
            "9.jpg",
            "11.jpg",
            97
        ],
        [
            "9.jpg",
            "13.jpg",
            34
        ],
        [
            "9.jpg",
            "6.jpg",
            437
        ],
        [
            "9.jpg",
            "1.jpg",
            33
        ],
        [
            "9.jpg",
            "5.jpg",
            323
        ],
        [
            "9.jpg",
            "3.jpg",
            193
        ],
        [
            "9.jpg",
            "7.jpg",
            567
        ],
        [
            "9.jpg",
            "4.jpg",
            251
        ],
        [
            "9.jpg",
            "8.jpg",
            887
        ],
        [
            "9.jpg",
            "12.jpg",
            44
        ],
        [
            "9.jpg",
            "10.jpg",
            327
        ],
        [
            "9.jpg",
            "2.jpg",
            151
        ],
        [
            "6.jpg",
            "0.jpg",
            57
        ],
        [
            "6.jpg",
            "11.jpg",
            59
        ],
        [
            "6.jpg",
            "13.jpg",
            50
        ],
        [
            "6.jpg",
            "9.jpg",
            437
        ],
        [
            "6.jpg",
            "1.jpg",
            221
        ],
        [
            "6.jpg",
            "5.jpg",
            1104
        ],
        [
            "6.jpg",
            "3.jpg",
            560
        ],
        [
            "6.jpg",
            "7.jpg",
            1023
        ],
        [
            "6.jpg",
            "4.jpg",
            789
        ],
        [
            "6.jpg",
            "8.jpg",
            714
        ],
        [
            "6.jpg",
            "12.jpg",
            63
        ],
        [
            "6.jpg",
            "10.jpg",
            181
        ],
        [
            "6.jpg",
            "2.jpg",
            439
        ],
        [
            "1.jpg",
            "0.jpg",
            111
        ],
        [
            "1.jpg",
            "11.jpg",
            6
        ],
        [
            "1.jpg",
            "13.jpg",
            2
        ],
        [
            "1.jpg",
            "9.jpg",
            33
        ],
        [
            "1.jpg",
            "6.jpg",
            221
        ],
        [
            "1.jpg",
            "5.jpg",
            249
        ],
        [
            "1.jpg",
            "3.jpg",
            520
        ],
        [
            "1.jpg",
            "7.jpg",
            126
        ],
        [
            "1.jpg",
            "4.jpg",
            464
        ],
        [
            "1.jpg",
            "8.jpg",
            101
        ],
        [
            "1.jpg",
            "12.jpg",
            2
        ],
        [
            "1.jpg",
            "10.jpg",
            15
        ],
        [
            "1.jpg",
            "2.jpg",
            721
        ],
        [
            "5.jpg",
            "0.jpg",
            57
        ],
        [
            "5.jpg",
            "11.jpg",
            49
        ],
        [
            "5.jpg",
            "13.jpg",
            44
        ],
        [
            "5.jpg",
            "9.jpg",
            323
        ],
        [
            "5.jpg",
            "6.jpg",
            1104
        ],
        [
            "5.jpg",
            "1.jpg",
            249
        ],
        [
            "5.jpg",
            "3.jpg",
            685
        ],
        [
            "5.jpg",
            "7.jpg",
            756
        ],
        [
            "5.jpg",
            "4.jpg",
            978
        ],
        [
            "5.jpg",
            "8.jpg",
            552
        ],
        [
            "5.jpg",
            "12.jpg",
            49
        ],
        [
            "5.jpg",
            "10.jpg",
            126
        ],
        [
            "5.jpg",
            "2.jpg",
            509
        ],
        [
            "3.jpg",
            "0.jpg",
            54
        ],
        [
            "3.jpg",
            "11.jpg",
            36
        ],
        [
            "3.jpg",
            "13.jpg",
            33
        ],
        [
            "3.jpg",
            "9.jpg",
            193
        ],
        [
            "3.jpg",
            "6.jpg",
            560
        ],
        [
            "3.jpg",
            "1.jpg",
            520
        ],
        [
            "3.jpg",
            "5.jpg",
            685
        ],
        [
            "3.jpg",
            "7.jpg",
            402
        ],
        [
            "3.jpg",
            "4.jpg",
            1049
        ],
        [
            "3.jpg",
            "8.jpg",
            304
        ],
        [
            "3.jpg",
            "12.jpg",
            31
        ],
        [
            "3.jpg",
            "10.jpg",
            84
        ],
        [
            "3.jpg",
            "2.jpg",
            918
