{
    "wall_times": {
        "load_features": 0.00045589000001200475,
        "load_matches": 0.00010933000157820061,
        "compute_tracks": 0.27458761999878334
    },
    "wall_time": 0.27515284000037354,
    "num_images": 14,
    "num_tracks": 5060,
    "view_graph": [
        [
            "0.jpg",
            "9.jpg",
            1
        ],
        [
            "0.jpg",
            "6.jpg",
            61
        ],
        [
            "0.jpg",
            "1.jpg",
            119
        ],
        [
            "0.jpg",
            "5.jpg",
            63
        ],
        [
            "0.jpg",
            "3.jpg",
            58
        ],
        [
            "0.jpg",
            "7.jpg",
            39
        ],
        [
            "0.jpg",
            "4.jpg",
            73
        ],
        [
            "0.jpg",
            "8.jpg",
            32
        ],
        [
            "0.jpg",
            "2.jpg",
            88
        ],
        [
            "11.jpg",
            "13.jpg",
            195
        ],
        [
            "11.jpg",
            "9.jpg",
            110
        ],
        [
            "11.jpg",
            "6.jpg",
            62
        ],
        [
            "11.jpg",
            "1.jpg",
            3
        ],
        [
            "11.jpg",
            "5.jpg",
            53
        ],
        [
            "11.jpg",
            "3.jpg",
            39
        ],
        [
            "11.jpg",
            "7.jpg",
            67
        ],
        [
            "11.jpg",
            "4.jpg",
            49
        ],
        [
            "11.jpg",
            "8.jpg",
            90
        ],
        [
            "11.jpg",
            "12.jpg",
            236
        ],
        [
            "11.jpg",
            "10.jpg",
            189
        ],
        [
            "11.jpg",
            "2.jpg",
            30
        ],
        [
            "13.jpg",
            "11.jpg",
            195
        ],
        [
            "13.jpg",
            "9.jpg",
            42
        ],
        [
            "13.jpg",
            "6.jpg",
            47
        ],
        [
            "13.jpg",
            "1.jpg",
            2
        ],
        [
            "13.jpg",
            "5.jpg",
            42
        ],
        [
            "13.jpg",
            "3.jpg",
            34
        ],
        [
            "13.jpg",
            "7.jpg",
            31
        ],
        [
            "13.jpg",
            "4.jpg",
            36
        ],
        [
            "13.jpg",
            "8.jpg",
            28
        ],
        [
            "13.jpg",
            "12.jpg",
            1077
        ],
        [
            "13.jpg",
            "10.jpg",
            90
        ],
        [
            "13.jpg",
            "2.jpg",
            14
        ],
        [
            "9.jpg",
            "0.jpg",
            1
        ],
        [
            "9.jpg",
            "11.jpg",
            110
        ],
        [
            "9.jpg",
            "13.jpg",
            42
        ],
        [
            "9.jpg",
            "6.jpg",
            446
        ],
        [
            "9.jpg",
            "1.jpg",
            29
        ],
        [
            "9.jpg",
            "5.jpg",
            308
        ],
        [
            "9.jpg",
            "3.jpg",
            190
        ],
        [
            "9.jpg",
            "7.jpg",
            568
        ],
        [
            "9.jpg",
            "4.jpg",
            246
        ],
        [
            "9.jpg",
            "8.jpg",
            903
        ],
        [
            "9.jpg",
            "12.jpg",
            49
        ],
        [
            "9.jpg",
            "10.jpg",
            347
        ],
        [
            "9.jpg",
            "2.jpg",
            153
        ],
        [
            "6.jpg",
            "0.jpg",
            61
        ],
        [
            "6.jpg",
            "11.jpg",
            62
        ],
        [
            "6.jpg",
            "13.jpg",
            47
        ],
        [
            "6.jpg",
            "9.jpg",
            446
        ],
        [
            "6.jpg",
            "1.jpg",
            206
        ],
        [
            "6.jpg",
            "5.jpg",
            899
        ],
        [
            "6.jpg",
            "3.jpg",
            536
        ],
        [
            "6.jpg",
            "7.jpg",
            1046
        ],
        [
            "6.jpg",
            "4.jpg",
            726
        ],
        [
            "6.jpg",
            "8.jpg",
            695
        ],
        [
            "6.jpg",
            "12.jpg",
            56
        ],
        [
            "6.jpg",
            "10.jpg",
            180
        ],
        [
            "6.jpg",
            "2.jpg",
            422
        ],
        [
            "1.jpg",
            "0.jpg",
            119
        ],
        [
            "1.jpg",
            "11.jpg",
            3
        ],
        [
            "1.jpg",
            "13.jpg",
            2
        ],
        [
            "1.jpg",
            "9.jpg",
            29
        ],
        [
            "1.jpg",
            "6.jpg",
            206
        ],
        [
            "1.jpg",
            "5.jpg",
            245
        ],
        [
            "1.jpg",
            "3.jpg",
            500
        ],
        [
            "1.jpg",
            "7.jpg",
            120
        ],
        [
            "1.jpg",
            "4.jpg",
            462
        ],
        [
            "1.jpg",
            "8.jpg",
            100
        ],
        [
            "1.jpg",
            "10.jpg",
            12
        ],
        [
            "1.jpg",
            "2.jpg",
            705
        ],
        [
            "5.jpg",
            "0.jpg",
            63
        ],
        [
            "5.jpg",
            "11.jpg",
            53
        ],
        [
            "5.jpg",
            "13.jpg",
            42
        ],
        [
            "5.jpg",
            "9.jpg",
            308
        ],
        [
            "5.jpg",
            "6.jpg",
            899
        ],
        [
            "5.jpg",
            "1.jpg",
            245
        ],
        [
            "5.jpg",
            "3.jpg",
            683
        ],
        [
            "5.jpg",
            "7.jpg",
            715
        ],
        [
            "5.jpg",
            "4.jpg",
            977
        ],
        [
            "5.jpg",
            "8.jpg",
            496
        ],
        [
            "5.jpg",
            "12.jpg",
            47
        ],
        [
            "5.jpg",
            "10.jpg",
            126
        ],
        [
            "5.jpg",
            "2.jpg",
            513
        ],
        [
            "3.jpg",
            "0.jpg",
            58
        ],
        [
            "3.jpg",
            "11.jpg",
            39
        ],
        [
            "3.jpg",
            "13.jpg",
            34
        ],
        [
            "3.jpg",
            "9.jpg",
            190
        ],
        [
            "3.jpg",
            "6.jpg",
            536
        ],
        [
            "3.jpg",
            "1.jpg",
            500
        ],
        [
            "3.jpg",
            "5.jpg",
            683
        ],
        [
            "3.jpg",
            "7.jpg",
            397
        ],
        [
            "3.jpg",
            "4.jpg",
            1056
        ],
        [
            "3.jpg",
            "8.jpg",
            301
        ],
        [
            "3.jpg",
            "12.jpg",
            34
        ],
        [
            "3.jpg",
            "10.jpg",
            86
        ],
        [
            "3.jpg",
            "2.jpg",
            904
        ],
        [
            "7.jpg",
            "0.jpg",
