{
    "wall_times": {
        "load_features": 0.0003401829999347683,
        "load_matches": 3.305600057501579e-05,
        "compute_tracks": 0.267837552999481
    },
    "wall_time": 0.26821079199999076,
    "num_images": 6,
    "num_tracks": 5183,
    "view_graph": [
        [
            "0003.jpg",
            "0001.jpg",
            1621
        ],
        [
            "0003.jpg",
            "0005.jpg",
            1531
        ],
        [
            "0003.jpg",
            "0002.jpg",
            2205
        ],
        [
            "0003.jpg",
            "0000.jpg",
            1029
        ],
        [
            "0003.jpg",
            "0004.jpg",
            2181
        ],
        [
            "0001.jpg",
            "0003.jpg",
            1621
        ],
        [
            "0001.jpg",
            "0005.jpg",
            868
        ],
        [
            "0001.jpg",
            "0002.jpg",
            2302
        ],
        [
            "0001.jpg",
            "0000.jpg",
            1829
        ],
        [
            "0001.jpg",
            "0004.jpg",
            1203
        ],
        [
            "0005.jpg",
            "0003.jpg",
            1531
        ],
        [
            "0005.jpg",
            "0001.jpg",
            868
        ],
        [
            "0005.jpg",
            "0002.jpg",
            1145
        ],
        [
            "0005.jpg",
            "0000.jpg",
            578
        ],
        [
            "0005.jpg",
            "0004.jpg",
            2175
        ],
        [
            "0002.jpg",
            "0003.jpg",
            2205
        ],
        [
            "0002.jpg",
            "0001.jpg",
            2302
        ],
        [
            "0002.jpg",
            "0005.jpg",
            1145
        ],
        [
            "0002.jpg",
            "0000.jpg",
            1352
        ],
        [
            "0002.jpg",
            "0004.jpg",
            1586
        ],
        [
            "0000.jpg",
            "0003.jpg",
            1029
        ],
        [
            "0000.jpg",
            "0001.jpg",
            1829
        ],
        [
            "0000.jpg",
            "0005.jpg",
            578
        ],
        [
            "0000.jpg",
            "0002.jpg",
            1352
        ],
        [
            "0000.jpg",
            "0004.jpg",
            776
        ],
        [
            "0004.jpg",
            "0003.jpg",
            2181
        ],
        [
            "0004.jpg",
            "0001.jpg",
            1203
        ],
        [
            "0004.jpg",
            "0005.jpg",
            2175
        ],
        [
            "0004.jpg",
            "0002.jpg",
            1586
        ],
        [
            "0004.jpg",
            "0000.jpg",
            776
        ]
    ]
}