{
    "wall_times": {
        "load_features": 0.00026323799829697236,
        "load_matches": 2.0946004951838404e-05,
        "compute_tracks": 0.04090842699952191
    },
    "wall_time": 0.04119261100277072,
    "num_images": 5,
    "num_tracks": 863,
    "view_graph": [
        [
            "0.jpg",
            "1.jpg",
            338
        ],
        [
            "0.jpg",
            "2.jpg",
            191
        ],
        [
            "0.jpg",
            "3.jpg",
            189
        ],
        [
            "0.jpg",
            "4.jpg",
            149
        ],
        [
            "1.jpg",
            "0.jpg",
            338
        ],
        [
            "1.jpg",
            "2.jpg",
            232
        ],
        [
            "1.jpg",
            "3.jpg",
            218
        ],
        [
            "1.jpg",
            "4.jpg",
            147
        ],
        [
            "2.jpg",
            "0.jpg",
            191
        ],
        [
            "2.jpg",
            "1.jpg",
            232
        ],
        [
            "2.jpg",
            "3.jpg",
            296
        ],
        [
            "2.jpg",
            "4.jpg",
            163
        ],
        [
            "3.jpg",
            "0.jpg",
            189
        ],
        [
            "3.jpg",
            "1.jpg",
            218
        ],
        [
            "3.jpg",
            "2.jpg",
            296
        ],
        [
            "3.jpg",
            "4.jpg",
            176
        ],
        [
            "4.jpg",
            "0.jpg",
            149
        ],
        [
            "4.jpg",
            "1.jpg",
            147
        ],
        [
            "4.jpg",
            "2.jpg",
            163
        ],
        [
            "4.jpg",
            "3.jpg",
            176
        ]
    ]
}