{
    "wall_times": {
        "load_features": 0.03487241099355742,
        "load_matches": 0.0006315830032690428,
        "compute_tracks": 0.05000394499802496
    },
    "wall_time": 0.08550793899485143,
    "num_images": 3,
    "num_tracks": 1653,
    "view_graph": [
        [
            "01.jpg",
            "02.jpg",
            1161
        ],
        [
            "01.jpg",
            "03.jpg",
            419
        ],
        [
            "02.jpg",
            "01.jpg",
            1161
        ],
        [
            "02.jpg",
            "03.jpg",
            823
        ],
        [
            "03.jpg",
            "01.jpg",
            419
        ],
        [
            "03.jpg",
            "02.jpg",
            823
        ]
    ]
}