{
    "wall_times": {
        "load_features": 0.00018420500418869779,
        "load_matches": 2.6696994609665126e-05,
        "compute_tracks": 0.11971001100027934
    },
    "wall_time": 0.1199209129990777,
    "num_images": 10,
    "num_tracks": 2388,
    "view_graph": [
        [
            "0.jpg",
            "1.jpg",
            141
        ],
        [
            "0.jpg",
            "2.jpg",
            163
        ],
        [
            "0.jpg",
            "3.jpg",
            157
        ],
        [
            "0.jpg",
            "4.jpg",
            117
        ],
        [
            "0.jpg",
            "5.jpg",
            81
        ],
        [
            "0.jpg",
            "6.jpg",
            67
        ],
        [
            "0.jpg",
            "7.jpg",
            33
        ],
        [
            "0.jpg",
            "8.jpg",
            45
        ],
        [
            "0.jpg",
            "9.jpg",
            50
        ],
        [
            "1.jpg",
            "0.jpg",
            141
        ],
        [
            "1.jpg",
            "2.jpg",
            620
        ],
        [
            "1.jpg",
            "3.jpg",
            614
        ],
        [
            "1.jpg",
            "4.jpg",
            328
        ],
        [
            "1.jpg",
            "5.jpg",
            186
        ],
        [
            "1.jpg",
            "6.jpg",
            157
        ],
        [
            "1.jpg",
            "7.jpg",
            87
        ],
        [
            "1.jpg",
            "8.jpg",
            136
        ],
        [
            "1.jpg",
            "9.jpg",
            165
        ],
        [
            "2.jpg",
            "0.jpg",
            163
        ],
        [
            "2.jpg",
            "1.jpg",
            620
        ],
        [
            "2.jpg",
            "3.jpg",
            644
        ],
        [
            "2.jpg",
            "4.jpg",
            309
        ],
        [
            "2.jpg",
            "5.jpg",
            187
        ],
        [
            "2.jpg",
            "6.jpg",
            167
        ],
        [
            "2.jpg",
            "7.jpg",
            101
        ],
        [
            "2.jpg",
            "8.jpg",
            145
        ],
        [
            "2.jpg",
            "9.jpg",
            174
        ],
        [
            "3.jpg",
            "0.jpg",
            157
        ],
        [
            "3.jpg",
            "1.jpg",
            614
        ],
        [
            "3.jpg",
            "2.jpg",
            644
        ],
        [
            "3.jpg",
            "4.jpg",
            432
        ],
        [
            "3.jpg",
            "5.jpg",
            302
        ],
        [
            "3.jpg",
            "6.jpg",
            213
        ],
        [
            "3.jpg",
            "7.jpg",
            96
        ],
        [
            "3.jpg",
            "8.jpg",
            141
        ],
        [
            "3.jpg",
            "9.jpg",
            234
        ],
        [
            "4.jpg",
            "0.jpg",
            117
        ],
        [
            "4.jpg",
            "1.jpg",
            328
        ],
        [
            "4.jpg",
            "2.jpg",
            309
        ],
        [
            "4.jpg",
            "3.jpg",
            432
        ],
        [
            "4.jpg",
            "5.jpg",
            504
        ],
        [
            "4.jpg",
            "6.jpg",
            304
        ],
        [
            "4.jpg",
            "7.jpg",
            125
        ],
        [
            "4.jpg",
            "8.jpg",
            217
        ],
        [
            "4.jpg",
            "9.jpg",
            349
        ],
        [
            "5.jpg",
            "0.jpg",
            81
        ],
        [
            "5.jpg",
            "1.jpg",
            186
        ],
        [
            "5.jpg",
            "2.jpg",
            187
        ],
        [
            "5.jpg",
            "3.jpg",
            302
        ],
        [
            "5.jpg",
            "4.jpg",
            504
        ],
        [
            "5.jpg",
            "6.jpg",
            433
        ],
        [
            "5.jpg",
            "7.jpg",
            127
        ],
        [
            "5.jpg",
            "8.jpg",
            267
        ],
        [
            "5.jpg",
            "9.jpg",
            355
        ],
        [
            "6.jpg",
            "0.jpg",
            67
        ],
        [
            "6.jpg",
            "1.jpg",
            157
        ],
        [
            "6.jpg",
            "2.jpg",
            167
        ],
        [
            "6.jpg",
            "3.jpg",
            213
        ],
        [
            "6.jpg",
            "4.jpg",
            304
        ],
        [
            "6.jpg",
            "5.jpg",
            433
        ],
        [
            "6.jpg",
            "7.jpg",
            182
        ],
        [
            "6.jpg",
            "8.jpg",
            303
        ],
        [
            "6.jpg",
            "9.jpg",
            319
        ],
        [
            "7.jpg",
            "0.jpg",
            33
        ],
        [
            "7.jpg",
            "1.jpg",
            87
        ],
        [
            "7.jpg",
            "2.jpg",
            101
        ],
        [
            "7.jpg",
            "3.jpg",
            96
        ],
        [
            "7.jpg",
            "4.jpg",
            125
        ],
        [
            "7.jpg",
            "5.jpg",
            127
        ],
        [
            "7.jpg",
            "6.jpg",
            182
        ],
        [
            "7.jpg",
            "8.jpg",
            387
        ],
        [
            "7.jpg",
            "9.jpg",
            294
        ],
        [
            "8.jpg",
            "0.jpg",
            45
        ],
        [
            "8.jpg",
            "1.jpg",
            136
        ],
        [
            "8.jpg",
            "2.jpg",
            145
        ],
        [
            "8.jpg",
            "3.jpg",
            141
        ],
        [
            "8.jpg",
            "4.jpg",
            217
        ],
        [
            "8.jpg",
            "5.jpg",
            267
        ],
        [
            "8.jpg",
            "6.jpg",
            303
        ],
        [
            "8.jpg",
            "7.jpg",
            387
        ],
        [
            "8.jpg",
            "9.jpg",
            514
        ],
        [
            "9.jpg",
            "0.jpg",
            50
        ],
        [
            "9.jpg",
            "1.jpg",
            165
        ],
        [
            "9.jpg",
            "2.jpg",
            174
        ],
        [
            "9.jpg",
            "3.jpg",
            234
        ],
        [
            "9.jpg",
            "4.jpg",
            349
        ],
        [
            "9.jpg",
            "5.jpg",
            355
        ],
        [
            "9.jpg",
            "6.jpg",
            319
        ],
        [
            "9.jpg",
            "7.jpg",
            294
        ],
        [
            "9.jpg",
            "8.jpg",
            514
        ]
    ]
}