{
    "wall_time": 1.0038635519995296,
    "image_reports": [
        {
            "image": "img1.png",
            "num_features": 4738,
            "wall_time": 0.9096496910024143
        },
        {
            "image": "img0.png",
            "num_features": 4793,
            "wall_time": 0.8971846309977991
        }
    ]
}