{
    "wall_time": 0.7041564399999913,
    "image_reports": [
        {
            "image": "img1.png",
            "num_features": 3512,
            "wall_time": 0.6869625630000087
        },
        {
            "image": "img0.png",
            "num_features": 3536,
            "wall_time": 0.6549007600000039
        }
    ]
}