{
    "wall_time": 0.6029246770776808,
    "image_reports": [
        {
            "image": "img0.png",
            "num_features": 3536,
            "wall_time": 0.5953299826942384
        },
        {
            "image": "img1.png",
            "num_features": 3512,
            "wall_time": 0.5572186997160316
        }
    ]
}