{
    "wall_time": 0.7033742989951861,
    "image_reports": [
        {
            "image": "img1.png",
            "num_features": 3512,
            "wall_time": 0.6587536070001079
        },
        {
            "image": "img0.png",
            "num_features": 3536,
            "wall_time": 0.6569987760012737
        }
    ]
}