{
    "wall_times": {
        "load_features": 0.00022915899999986777,
        "load_matches": 1.84809999979052e-05,
        "compute_tracks": 0.04481283500000188
    },
    "wall_time": 0.045060474999999656,
    "num_images": 2,
    "num_tracks": 1522,
    "view_graph": [
        [
            "img1.png",
            "img0.png",
            1522
        ],
        [
            "img0.png",
            "img1.png",
            1522
        ]
    ]
}