{
    "wall_times": {
        "load_features": 7.804995402693748e-05,
        "load_matches": 4.923436790704727e-06,
        "compute_tracks": 0.029994381591677666
    },
    "wall_time": 0.030077354982495308,
    "num_images": 2,
    "num_tracks": 1539,
    "view_graph": [
        [
            "img0.png",
            "img1.png",
            1539
        ],
        [
            "img1.png",
            "img0.png",
            1539
        ]
    ]
}