{
    "wall_times": {
        "load_features": 8.140000863932073e-05,
        "load_matches": 4.756002454087138e-06,
        "compute_tracks": 0.029744527011644095
    },
    "wall_time": 0.029830683022737503,
    "num_images": 2,
    "num_tracks": 1510,
    "view_graph": [
        [
            "img0.png",
            "img1.png",
            1510
        ],
        [
            "img1.png",
            "img0.png",
            1510
        ]
    ]
}