{
    "wall_times": {
        "load_features": 0.00041519700062053744,
        "load_matches": 7.108899990271311e-05,
        "compute_tracks": 0.5245515130000058
    },
    "wall_time": 0.525037799000529,
    "num_images": 11,
    "num_tracks": 8722,
    "view_graph": [
        [
            "0007.jpg",
            "0003.jpg",
            758
        ],
        [
            "0007.jpg",
            "0006.jpg",
            2178
        ],
        [
            "0007.jpg",
            "0001.jpg",
            451
        ],
        [
            "0007.jpg",
            "0005.jpg",
            1556
        ],
        [
            "0007.jpg",
            "0002.jpg",
            566
        ],
        [
            "0007.jpg",
            "0000.jpg",
            316
        ],
        [
            "0007.jpg",
            "0004.jpg",
            1047
        ],
        [
            "0007.jpg",
            "0009.jpg",
            1251
        ],
        [
            "0007.jpg",
            "0008.jpg",
            1729
        ],
        [
            "0007.jpg",
            "0010.jpg",
            678
        ],
        [
            "0003.jpg",
            "0007.jpg",
            758
        ],
        [
            "0003.jpg",
            "0006.jpg",
            1104
        ],
        [
            "0003.jpg",
            "0001.jpg",
            1607
        ],
        [
            "0003.jpg",
            "0005.jpg",
            1494
        ],
        [
            "0003.jpg",
            "0002.jpg",
            2183
        ],
        [
            "0003.jpg",
            "0000.jpg",
            1032
        ],
        [
            "0003.jpg",
            "0004.jpg",
            2136
        ],
        [
            "0003.jpg",
            "0009.jpg",
            229
        ],
        [
            "0003.jpg",
            "0008.jpg",
            394
        ],
        [
            "0003.jpg",
            "0010.jpg",
            117
        ],
        [
            "0006.jpg",
            "0007.jpg",
            2178
        ],
        [
            "0006.jpg",
            "0003.jpg",
            1104
        ],
        [
            "0006.jpg",
            "0001.jpg",
            661
        ],
        [
            "0006.jpg",
            "0005.jpg",
            2288
        ],
        [
            "0006.jpg",
            "0002.jpg",
            843
        ],
        [
            "0006.jpg",
            "0000.jpg",
            454
        ],
        [
            "0006.jpg",
            "0004.jpg",
            1545
        ],
        [
            "0006.jpg",
            "0009.jpg",
            869
        ],
        [
            "0006.jpg",
            "0008.jpg",
            1237
        ],
        [
            "0006.jpg",
            "0010.jpg",
            470
        ],
        [
            "0001.jpg",
            "0007.jpg",
            451
        ],
        [
            "0001.jpg",
            "0003.jpg",
            1607
        ],
        [
            "0001.jpg",
            "0006.jpg",
            661
        ],
        [
            "0001.jpg",
            "0005.jpg",
            876
        ],
        [
            "0001.jpg",
            "0002.jpg",
            2279
        ],
        [
            "0001.jpg",
            "0000.jpg",
            1843
        ],
        [
            "0001.jpg",
            "0004.jpg",
            1191
        ],
        [
            "0001.jpg",
            "0009.jpg",
            109
        ],
        [
            "0001.jpg",
            "0008.jpg",
            202
        ],
        [
            "0001.jpg",
            "0010.jpg",
            45
        ],
        [
            "0005.jpg",
            "0007.jpg",
            1556
        ],
        [
            "0005.jpg",
            "0003.jpg",
            1494
        ],
        [
            "0005.jpg",
            "0006.jpg",
            2288
        ],
        [
            "0005.jpg",
            "0001.jpg",
            876
        ],
        [
            "0005.jpg",
            "0002.jpg",
            1131
        ],
        [
            "0005.jpg",
            "0000.jpg",
            590
        ],
        [
            "0005.jpg",
            "0004.jpg",
            2132
        ],
        [
            "0005.jpg",
            "0009.jpg",
            601
        ],
        [
            "0005.jpg",
            "0008.jpg",
            863
        ],
        [
            "0005.jpg",
            "0010.jpg",
            333
        ],
        [
            "0002.jpg",
            "0007.jpg",
            566
        ],
        [
            "0002.jpg",
            "0003.jpg",
            2183
        ],
        [
            "0002.jpg",
            "0006.jpg",
            843
        ],
        [
            "0002.jpg",
            "0001.jpg",
            2279
        ],
        [
            "0002.jpg",
            "0005.jpg",
            1131
        ],
        [
            "0002.jpg",
            "0000.jpg",
            1371
        ],
        [
            "0002.jpg",
            "0004.jpg",
            1572
        ],
        [
            "0002.jpg",
            "0009.jpg",
            145
        ],
        [
            "0002.jpg",
            "0008.jpg",
            279
        ],
        [
            "0002.jpg",
            "0010.jpg",
            70
        ],
        [
            "0000.jpg",
            "0007.jpg",
            316
        ],
        [
            "0000.jpg",
            "0003.jpg",
            1032
        ],
        [
            "0000.jpg",
            "0006.jpg",
            454
        ],
        [
            "0000.jpg",
            "0001.jpg",
            1843
        ],
        [
            "0000.jpg",
            "0005.jpg",
            590
        ],
        [
            "0000.jpg",
            "0002.jpg",
            1371
        ],
        [
            "0000.jpg",
            "0004.jpg",
            786
        ],
        [
            "0000.jpg",
            "0009.jpg",
            59
        ],
        [
            "0000.jpg",
            "0008.jpg",
            123
        ],
        [
            "0000.jpg",
            "0010.jpg",
            21
        ],
        [
            "0004.jpg",
            "0007.jpg",
            1047
        ],
        [
            "0004.jpg",
            "0003.jpg",
            2136
        ],
        [
            "0004.jpg",
            "0006.jpg",
            1545
        ],
        [
            "0004.jpg",
            "0001.jpg",
            1191
        ],
        [
            "0004.jpg",
            "0005.jpg",
            2132
        ],
        [
            "0004.jpg",
            "0002.jpg",
            1572
        ],
        [
            "0004.jpg",
            "0000.jpg",
            786
        ],
        [
            "0004.jpg",
            "0009.jpg",
            351
        ],
        [
            "0004.jpg",
            "0008.jpg",
            565
        ],
        [
            "0004.jpg",
            "0010.jpg",
            192
        ],
        [
            "0009.jpg",
            "0007.jpg",
            1251
        ],
        [
            "0009.jpg",
            "0003.jpg",
            229
        ],
        [
            "0009.jpg",
            "0006.jpg",
            869
        ],
        [
            "0009.jpg",
            "0001.jpg",
            109
        ],
        [
            "0009.jpg",
            "0005.jpg",
            601
        ],
        [
            "0009.jpg",
            "0002.jpg",
            145
        ],
        [
            "0009.jpg",
            "0000.jpg",
            59
        ],
        [
            "0009.jpg",
            "0004.jpg",
            351
        ],
        [
            "0009.jpg",
            "0008.jpg",
            2073
        ],
        [
            "0009.jpg",
            "0010.jpg",
            1444
        ],
        [
            "0008.jpg",
